DATE,AIRPORT_CODE,TOTAL_FLIGHTS,DELAYED_FLIGHTS,CANCELLED_FLIGHTS,DIVERTED_FLIGHTS,CARRIER_DELAY,WEATHER_DELAY,NAS_DELAY,SECURITY_DELAY,LATE_AIRCRAFT_DELAY,PCT_DELAYED,PCT_CANCELLED,PCT_DIVERTED
2025-06-01,ABE,408.0,135.0,0.0,0.0,2544.0,1682.0,1528.0,0.0,4997.0,33.088235294117645,0.0,0.0
2025-06-01,ABI,146.0,48.0,0.0,0.0,361.0,278.0,315.0,0.0,1388.0,32.87671232876712,0.0,0.0
2025-06-01,ABQ,2414.0,685.0,0.0,0.0,15754.0,1158.0,5182.0,0.0,21446.0,28.376139188069594,0.0,0.0
2025-06-01,ABR,60.0,4.0,0.0,0.0,877.0,58.0,2.0,0.0,0.0,6.666666666666667,0.0,0.0
2025-06-01,ABY,86.0,34.0,0.0,0.0,2634.0,1178.0,972.0,0.0,124.0,39.53488372093023,0.0,0.0
2025-06-01,ACK,310.0,60.0,0.0,0.0,931.0,1309.0,532.0,0.0,1974.0,19.35483870967742,0.0,0.0
2025-06-01,ACT,90.0,31.0,0.0,0.0,592.0,208.0,167.0,0.0,724.0,34.44444444444444,0.0,0.0
2025-06-01,ACV,174.0,35.0,0.0,0.0,692.0,310.0,244.0,0.0,410.0,20.114942528735632,0.0,0.0
2025-06-01,ACY,165.0,57.0,0.0,0.0,850.0,266.0,1150.0,0.0,2190.0,34.54545454545455,0.0,0.0
2025-06-01,ADK,8.0,0.0,0.0,0.0,0.0,0.0,0.0,0.0,0.0,0.0,0.0,0.0
2025-06-01,ADQ,90.0,12.0,0.0,0.0,57.0,0.0,72.0,0.0,430.0,13.333333333333334,0.0,0.0
2025-06-01,AEX,177.0,47.0,0.0,0.0,3066.0,625.0,331.0,271.0,1047.0,26.55367231638418,0.0,0.0
2025-06-01,AGS,464.0,145.0,0.0,0.0,2376.0,1881.0,1301.0,0.0,5503.0,31.25,0.0,0.0
2025-06-01,AKN,66.0,22.0,0.0,0.0,493.0,0.0,35.0,0.0,333.0,33.33333333333333,0.0,0.0
2025-06-01,ALB,1443.0,467.0,0.0,0.0,9847.0,5033.0,4619.0,205.0,16663.0,32.363132363132365,0.0,0.0
2025-06-01,ALO,60.0,21.0,0.0,0.0,255.0,42.0,234.0,0.0,584.0,35.0,0.0,0.0
2025-06-01,ALW,60.0,17.0,0.0,0.0,175.0,0.0,29.0,307.0,338.0,28.333333333333332,0.0,0.0
2025-06-01,AMA,537.0,154.0,0.0,0.0,3377.0,1905.0,1385.0,0.0,4188.0,28.677839851024206,0.0,0.0
2025-06-01,ANC,2484.0,615.0,0.0,0.0,11966.0,1273.0,7055.0,447.0,10779.0,24.75845410628019,0.0,0.0
2025-06-01,APN,52.0,7.0,0.0,0.0,336.0,54.0,2.0,0.0,0.0,13.461538461538462,0.0,0.0
2025-06-01,ART,60.0,17.0,0.0,0.0,352.0,0.0,289.0,0.0,521.0,28.333333333333332,0.0,0.0
2025-06-01,ASE,603.0,197.0,0.0,0.0,7469.0,5019.0,5108.0,0.0,7987.0,32.66998341625207,0.0,0.0
2025-06-01,ATL,30508.0,7918.0,0.0,0.0,228890.0,38538.0,142422.0,320.0,270090.0,25.95384817097155,0.0,0.0
2025-06-01,ATW,693.0,200.0,0.0,0.0,5765.0,2055.0,2133.0,766.0,5247.0,28.86002886002886,0.0,0.0
2025-06-01,AUS,7852.0,2252.0,0.0,0.0,45910.0,11465.0,28743.0,193.0,59169.0,28.680590932246563,0.0,0.0
2025-06-01,AVL,1278.0,406.0,0.0,0.0,6374.0,4212.0,6137.0,3.0,13149.0,31.768388106416275,0.0,0.0
2025-06-01,AVP,291.0,86.0,0.0,0.0,2109.0,457.0,1475.0,52.0,4848.0,29.553264604810998,0.0,0.0
2025-06-01,AZA,528.0,96.0,0.0,0.0,4993.0,2340.0,713.0,11.0,2988.0,18.181818181818183,0.0,0.0
2025-06-01,AZO,172.0,48.0,0.0,0.0,3952.0,238.0,375.0,0.0,790.0,27.906976744186046,0.0,0.0
2025-06-01,BDL,2164.0,633.0,0.0,0.0,15651.0,2662.0,5791.0,48.0,19229.0,29.251386321626615,0.0,0.0
2025-06-01,BET,72.0,10.0,0.0,0.0,73.0,0.0,29.0,0.0,428.0,13.88888888888889,0.0,0.0
2025-06-01,BFF,52.0,16.0,0.0,0.0,426.0,195.0,404.0,0.0,667.0,30.76923076923077,0.0,0.0
2025-06-01,BFL,240.0,79.0,0.0,0.0,1600.0,108.0,896.0,0.0,2212.0,32.916666666666664,0.0,0.0
2025-06-01,BGM,30.0,5.0,0.0,0.0,200.0,0.0,0.0,0.0,0.0,16.666666666666664,0.0,0.0
2025-06-01,BGR,467.0,125.0,0.0,0.0,3030.0,506.0,1785.0,0.0,3885.0,26.76659528907923,0.0,0.0
2025-06-01,BHM,1872.0,617.0,0.0,0.0,13515.0,4740.0,8183.0,3.0,20431.0,32.95940170940171,0.0,0.0
2025-06-01,BIH,5.0,1.0,0.0,0.0,68.0,0.0,0.0,0.0,0.0,20.0,0.0,0.0
2025-06-01,BIL,588.0,158.0,0.0,0.0,4902.0,1032.0,1229.0,0.0,4161.0,26.87074829931973,0.0,0.0
2025-06-01,BIS,408.0,101.0,0.0,0.0,2424.0,176.0,2086.0,0.0,2448.0,24.754901960784316,0.0,0.0
2025-06-01,BJI,60.0,4.0,0.0,0.0,237.0,18.0,0.0,0.0,0.0,6.666666666666667,0.0,0.0
2025-06-01,BLI,215.0,51.0,0.0,0.0,1004.0,27.0,296.0,0.0,1548.0,23.72093023255814,0.0,0.0
2025-06-01,BLV,179.0,48.0,0.0,0.0,1732.0,312.0,270.0,0.0,1454.0,26.81564245810056,0.0,0.0
2025-06-01,BMI,206.0,54.0,0.0,0.0,712.0,466.0,1063.0,0.0,1117.0,26.21359223300971,0.0,0.0
2025-06-01,BNA,9688.0,2775.0,0.0,0.0,51822.0,11925.0,37007.0,1081.0,87941.0,28.64368290668869,0.0,0.0
2025-06-01,BOI,2512.0,539.0,0.0,0.0,13446.0,317.0,3537.0,243.0,13357.0,21.45700636942675,0.0,0.0
2025-06-01,BOS,12486.0,3536.0,0.0,0.0,73894.0,11651.0,74078.0,501.0,109842.0,28.319718084254365,0.0,0.0
2025-06-01,BPT,60.0,11.0,0.0,0.0,288.0,256.0,71.0,0.0,0.0,18.333333333333332,0.0,0.0
2025-06-01,BQK,90.0,29.0,0.0,0.0,519.0,234.0,496.0,0.0,816.0,32.22222222222222,0.0,0.0
2025-06-01,BQN,212.0,61.0,0.0,0.0,1841.0,40.0,286.0,0.0,1259.0,28.77358490566038,0.0,0.0
2025-06-01,BRD,52.0,8.0,0.0,0.0,418.0,0.0,47.0,0.0,0.0,15.384615384615385,0.0,0.0
2025-06-01,BRO,259.0,75.0,0.0,0.0,3764.0,610.0,391.0,0.0,3424.0,28.957528957528954,0.0,0.0
2025-06-01,BRW,35.0,8.0,0.0,0.0,196.0,0.0,0.0,0.0,94.0,22.857142857142858,0.0,0.0
2025-06-01,BTM,60.0,17.0,0.0,0.0,743.0,120.0,540.0,0.0,588.0,28.333333333333332,0.0,0.0
2025-06-01,BTR,595.0,208.0,0.0,0.0,6104.0,1915.0,1246.0,0.0,8990.0,34.95798319327731,0.0,0.0
2025-06-01,BTV,844.0,237.0,0.0,0.0,12818.0,3148.0,3183.0,0.0,8240.0,28.080568720379144,0.0,0.0
2025-06-01,BUF,2322.0,738.0,0.0,0.0,16431.0,3747.0,7257.0,149.0,26597.0,31.782945736434108,0.0,0.0
2025-06-01,BUR,2704.0,680.0,0.0,0.0,13188.0,400.0,4383.0,45.0,23539.0,25.14792899408284,0.0,0.0
2025-06-01,BWI,8680.0,2385.0,0.0,0.0,41125.0,10081.0,39757.0,370.0,69569.0,27.476958525345623,0.0,0.0
2025-06-01,BZN,1269.0,314.0,0.0,0.0,6437.0,175.0,2342.0,0.0,9444.0,24.74389282899921,0.0,0.0
2025-06-01,CAE,959.0,316.0,0.0,0.0,6913.0,2385.0,4075.0,19.0,14477.0,32.95099061522419,0.0,0.0
2025-06-01,CAK,392.0,139.0,0.0,0.0,3934.0,1773.0,1448.0,0.0,5206.0,35.45918367346938,0.0,0.0
2025-06-01,CDC,52.0,1.0,0.0,0.0,35.0,0.0,5.0,0.0,0.0,1.9230769230769231,0.0,0.0
2025-06-01,CDV,60.0,11.0,0.0,0.0,40.0,0.0,22.0,0.0,305.0,18.333333333333332,0.0,0.0
2025-06-01,CHA,921.0,307.0,0.0,0.0,8456.0,2952.0,3341.0,0.0,9942.0,33.33333333333333,0.0,0.0
2025-06-01,CHO,603.0,179.0,0.0,0.0,6898.0,1680.0,1804.0,0.0,8508.0,29.684908789386398,0.0,0.0
2025-06-01,CHS,2511.0,752.0,0.0,0.0,17008.0,3088.0,10649.0,85.0,23488.0,29.948227797690162,0.0,0.0
2025-06-01,CID,828.0,233.0,0.0,0.0,6995.0,1920.0,2569.0,0.0,7247.0,28.140096618357486,0.0,0.0
2025-06-01,CIU,91.0,16.0,0.0,0.0,802.0,69.0,62.0,0.0,331.0,17.582417582417584,0.0,0.0
2025-06-01,CKB,32.0,12.0,0.0,0.0,94.0,192.0,205.0,0.0,560.0,37.5,0.0,0.0
2025-06-01,CLD,60.0,10.0,0.0,0.0,105.0,0.0,64.0,0.0,354.0,16.666666666666664,0.0,0.0
2025-06-01,CLE,3940.0,1183.0,0.0,0.0,29523.0,6370.0,14851.0,204.0,44389.0,30.0253807106599,0.0,0.0
2025-06-01,CLL,90.0,20.0,0.0,0.0,240.0,218.0,41.0,21.0,580.0,22.22222222222222,0.0,0.0
2025-06-01,CLT,20734.0,5553.0,0.0,0.0,146275.0,61129.0,88412.0,309.0,226800.0,26.78209703868043,0.0,0.0
2025-06-01,CMH,4115.0,1310.0,0.0,0.0,28613.0,4885.0,17775.0,85.0,43003.0,31.83475091130012,0.0,0.0
2025-06-01,CMI,132.0,43.0,0.0,0.0,507.0,159.0,323.0,0.0,2145.0,32.57575757575758,0.0,0.0
2025-06-01,CMX,64.0,27.0,0.0,0.0,1799.0,563.0,193.0,0.0,968.0,42.1875,0.0,0.0
2025-06-01,COD,98.0,29.0,0.0,0.0,838.0,233.0,384.0,0.0,1346.0,29.591836734693878,0.0,0.0
2025-06-01,COS,1229.0,443.0,0.0,0.0,12056.0,3073.0,5194.0,0.0,14585.0,36.04556550040684,0.0,0.0
2025-06-01,COU,173.0,54.0,0.0,0.0,501.0,364.0,415.0,0.0,1861.0,31.213872832369944,0.0,0.0
2025-06-01,CPR,209.0,77.0,0.0,0.0,2451.0,286.0,1660.0,0.0,2405.0,36.84210526315789,0.0,0.0
2025-06-01,CRP,493.0,150.0,0.0,0.0,4889.0,1940.0,2151.0,0.0,7010.0,30.425963488843816,0.0,0.0
2025-06-01,CRW,330.0,106.0,0.0,0.0,5825.0,1637.0,1110.0,0.0,4730.0,32.121212121212125,0.0,0.0
2025-06-01,CSG,86.0,28.0,0.0,0.0,1096.0,47.0,286.0,0.0,523.0,32.55813953488372,0.0,0.0
2025-06-01,CVG,3828.0,1229.0,0.0,0.0,27161.0,6633.0,15009.0,4.0,50317.0,32.1055381400209,0.0,0.0
2025-06-01,CWA,150.0,37.0,0.0,0.0,1221.0,215.0,270.0,0.0,1367.0,24.666666666666668,0.0,0.0
2025-06-01,CYS,60.0,25.0,0.0,0.0,1081.0,255.0,385.0,0.0,1178.0,41.66666666666667,0.0,0.0
2025-06-01,DAB,271.0,81.0,0.0,0.0,1810.0,526.0,539.0,0.0,2547.0,29.88929889298893,0.0,0.0
2025-06-01,DAL,6206.0,1681.0,0.0,0.0,27531.0,3892.0,17541.0,131.0,54960.0,27.086690299709957,0.0,0.0
2025-06-01,DAY,893.0,313.0,0.0,0.0,7115.0,2545.0,3585.0,0.0,17532.0,35.05039193729003,0.0,0.0
2025-06-01,DCA,12223.0,3857.0,0.0,0.0,96026.0,31881.0,98639.0,390.0,143686.0,31.555264664975862,0.0,0.0
2025-06-01,DDC,52.0,14.0,0.0,0.0,225.0,0.0,422.0,0.0,433.0,26.923076923076923,0.0,0.0
2025-06-01,DEC,52.0,11.0,0.0,0.0,126.0,0.0,341.0,0.0,89.0,21.153846153846153,0.0,0.0
2025-06-01,DEN,28168.0,8930.0,0.0,0.0,182758.0,46940.0,290637.0,102.0,204082.0,31.702641295086625,0.0,0.0
2025-06-01,DFW,28293.0,8780.0,0.0,0.0,242291.0,66897.0,124851.0,689.0,337840.0,31.03241084367158,0.0,0.0
2025-06-01,DHN,86.0,33.0,0.0,0.0,1765.0,318.0,269.0,0.0,813.0,38.372093023255815,0.0,0.0
2025-06-01,DIK,56.0,24.0,0.0,0.0,539.0,95.0,373.0,0.0,1233.0,42.857142857142854,0.0,0.0
2025-06-01,DLG,49.0,8.0,0.0,0.0,373.0,0.0,23.0,0.0,48.0,16.3265306122449,0.0,0.0
2025-06-01,DLH,225.0,49.0,0.0,0.0,2258.0,0.0,460.0,0.0,1750.0,21.777777777777775,0.0,0.0
2025-06-01,DRO,398.0,95.0,0.0,0.0,3767.0,957.0,529.0,0.0,3395.0,23.869346733668344,0.0,0.0
2025-06-01,DSM,1631.0,494.0,0.0,0.0,12728.0,4035.0,4662.0,22.0,16640.0,30.288166768853465,0.0,0.0
2025-06-01,DTW,12695.0,2891.0,0.0,0.0,105037.0,21939.0,37710.0,219.0,93291.0,22.77274517526585,0.0,0.0
2025-06-01,DVL,55.0,8.0,0.0,0.0,107.0,0.0,138.0,0.0,251.0,14.545454545454545,0.0,0.0
2025-06-01,EAR,52.0,14.0,0.0,0.0,300.0,0.0,214.0,0.0,1346.0,26.923076923076923,0.0,0.0
2025-06-01,EAT,60.0,11.0,0.0,0.0,75.0,0.0,52.0,0.0,179.0,18.333333333333332,0.0,0.0
2025-06-01,EAU,52.0,21.0,0.0,0.0,687.0,297.0,114.0,0.0,1033.0,40.38461538461539,0.0,0.0
2025-06-01,ECP,1213.0,396.0,0.0,0.0,8578.0,1776.0,5149.0,3.0,13144.0,32.64633140972795,0.0,0.0
2025-06-01,EGE,189.0,52.0,0.0,0.0,1126.0,381.0,354.0,0.0,2817.0,27.513227513227513,0.0,0.0
2025-06-01,EKO,48.0,3.0,0.0,0.0,96.0,0.0,4.0,0.0,0.0,6.25,0.0,0.0
2025-06-01,ELM,102.0,24.0,0.0,0.0,1096.0,384.0,74.0,0.0,87.0,23.52941176470588,0.0,0.0
2025-06-01,ELP,1616.0,505.0,0.0,0.0,11702.0,1948.0,3097.0,14.0,18897.0,31.25,0.0,0.0
2025-06-01,ERI,90.0,14.0,0.0,0.0,375.0,42.0,129.0,0.0,557.0,15.555555555555555,0.0,0.0
2025-06-01,ESC,52.0,8.0,0.0,0.0,428.0,0.0,27.0,0.0,0.0,15.384615384615385,0.0,0.0
2025-06-01,EUG,869.0,222.0,0.0,0.0,3578.0,399.0,1281.0,53.0,6667.0,25.546605293440738,0.0,0.0
2025-06-01,EVV,378.0,113.0,0.0,0.0,2333.0,607.0,1452.0,0.0,2907.0,29.894179894179896,0.0,0.0
2025-06-01,EWN,161.0,55.0,0.0,0.0,844.0,852.0,678.0,0.0,2360.0,34.161490683229815,0.0,0.0
2025-06-01,EWR,9774.0,2648.0,0.0,0.0,51362.0,17900.0,129339.0,135.0,71748.0,27.09228565582157,0.0,0.0
2025-06-01,EYW,504.0,109.0,0.0,0.0,3023.0,158.0,1581.0,0.0,2765.0,21.626984126984127,0.0,0.0
2025-06-01,FAI,584.0,150.0,0.0,0.0,2234.0,28.0,1093.0,83.0,2907.0,25.684931506849317,0.0,0.0
2025-06-01,FAR,625.0,179.0,0.0,0.0,5309.0,724.0,1635.0,0.0,5810.0,28.64,0.0,0.0
2025-06-01,FAT,1261.0,293.0,0.0,0.0,5660.0,1274.0,2483.0,0.0,8585.0,23.2355273592387,0.0,0.0
2025-06-01,FAY,296.0,97.0,0.0,0.0,1757.0,1180.0,887.0,0.0,4044.0,32.77027027027027,0.0,0.0
2025-06-01,FCA,661.0,166.0,0.0,0.0,3619.0,543.0,1189.0,0.0,3603.0,25.113464447806354,0.0,0.0
2025-06-01,FLG,123.0,44.0,0.0,0.0,4112.0,47.0,130.0,0.0,770.0,35.77235772357724,0.0,0.0
2025-06-01,FLL,6562.0,1873.0,0.0,0.0,37153.0,8120.0,34665.0,392.0,57063.0,28.543127095397747,0.0,0.0
2025-06-01,FLO,83.0,16.0,0.0,0.0,92.0,226.0,6.0,0.0,635.0,19.27710843373494,0.0,0.0
2025-06-01,FMN,30.0,10.0,0.0,0.0,865.0,0.0,166.0,0.0,346.0,33.33333333333333,0.0,0.0
2025-06-01,FNT,319.0,108.0,0.0,0.0,4815.0,975.0,806.0,0.0,4730.0,33.85579937304075,0.0,0.0
2025-06-01,FOD,52.0,6.0,0.0,0.0,132.0,0.0,4.0,0.0,59.0,11.538461538461538,0.0,0.0
2025-06-01,FSD,749.0,228.0,0.0,0.0,7437.0,2830.0,2543.0,0.0,5344.0,30.440587449933243,0.0,0.0
2025-06-01,FSM,106.0,36.0,0.0,0.0,378.0,219.0,234.0,0.0,1118.0,33.9622641509434,0.0,0.0
2025-06-01,FWA,645.0,212.0,0.0,0.0,7802.0,3126.0,1876.0,0.0,5459.0,32.86821705426357,0.0,0.0
2025-06-01,GCC,60.0,18.0,0.0,0.0,701.0,0.0,347.0,0.0,1297.0,30.0,0.0,0.0
2025-06-01,GCK,60.0,15.0,0.0,0.0,59.0,47.0,283.0,0.0,400.0,25.0,0.0,0.0
2025-06-01,GEG,2041.0,474.0,0.0,0.0,9606.0,319.0,3004.0,294.0,11545.0,23.22390984811367,0.0,0.0
2025-06-01,GFK,99.0,14.0,0.0,0.0,507.0,319.0,84.0,0.0,55.0,14.14141414141414,0.0,0.0
2025-06-01,GGG,60.0,19.0,0.0,0.0,908.0,0.0,236.0,0.0,377.0,31.666666666666664,0.0,0.0
2025-06-01,GJT,413.0,111.0,0.0,0.0,2903.0,421.0,1099.0,22.0,4156.0,26.876513317191282,0.0,0.0
2025-06-01,GNV,354.0,86.0,0.0,0.0,1444.0,363.0,707.0,0.0,2259.0,24.293785310734464,0.0,0.0
2025-06-01,GPT,398.0,122.0,0.0,0.0,3204.0,1232.0,1145.0,0.0,4857.0,30.65326633165829,0.0,0.0
2025-06-01,GRB,503.0,139.0,0.0,0.0,4337.0,904.0,1924.0,0.0,1991.0,27.634194831013914,0.0,0.0
2025-06-01,GRI,82.0,16.0,0.0,0.0,715.0,520.0,101.0,0.0,119.0,19.51219512195122,0.0,0.0
2025-06-01,GRK,139.0,44.0,0.0,0.0,477.0,289.0,405.0,8.0,928.0,31.654676258992804,0.0,0.0
2025-06-01,GRR,1910.0,571.0,0.0,0.0,14734.0,3414.0,4821.0,0.0,19905.0,29.895287958115187,0.0,0.0
2025-06-01,GSO,1368.0,429.0,0.0,0.0,12407.0,3252.0,5519.0,10.0,15780.0,31.359649122807014,0.0,0.0
2025-06-01,GSP,1732.0,613.0,0.0,0.0,13943.0,4557.0,8051.0,124.0,22531.0,35.392609699769054,0.0,0.0
2025-06-01,GST,24.0,4.0,0.0,0.0,0.0,82.0,24.0,0.0,61.0,16.666666666666664,0.0,0.0
2025-06-01,GTF,232.0,42.0,0.0,0.0,951.0,166.0,210.0,0.0,2385.0,18.103448275862068,0.0,0.0
2025-06-01,GTR,90.0,34.0,0.0,0.0,671.0,77.0,309.0,0.0,1067.0,37.77777777777778,0.0,0.0
2025-06-01,GUC,91.0,24.0,0.0,0.0,360.0,126.0,684.0,0.0,1171.0,26.373626373626376,0.0,0.0
2025-06-01,GUF,52.0,13.0,0.0,0.0,249.0,1.0,73.0,0.0,247.0,25.0,0.0,0.0
2025-06-01,GUM,60.0,2.0,0.0,0.0,20.0,0.0,13.0,0.0,0.0,3.3333333333333335,0.0,0.0
2025-06-01,HDN,127.0,38.0,0.0,0.0,519.0,941.0,720.0,0.0,1514.0,29.92125984251969,0.0,0.0
2025-06-01,HGR,43.0,21.0,0.0,0.0,256.0,534.0,195.0,0.0,680.0,48.837209302325576,0.0,0.0
2025-06-01,HHH,284.0,62.0,0.0,0.0,1044.0,56.0,1303.0,3.0,945.0,21.830985915492956,0.0,0.0
2025-06-01,HIB,52.0,4.0,0.0,0.0,296.0,0.0,1.0,0.0,0.0,7.6923076923076925,0.0,0.0
2025-06-01,HLN,180.0,46.0,0.0,0.0,1278.0,0.0,862.0,0.0,2094.0,25.555555555555554,0.0,0.0
2025-06-01,HNL,4971.0,896.0,0.0,0.0,29896.0,207.0,2785.0,800.0,16117.0,18.024542345604505,0.0,0.0
2025-06-01,HOB,60.0,33.0,0.0,0.0,1928.0,650.0,843.0,0.0,915.0,55.00000000000001,0.0,0.0
2025-06-01,HOU,4932.0,1419.0,0.0,0.0,18210.0,2751.0,17538.0,147.0,41806.0,28.771289537712896,0.0,0.0
2025-06-01,HPN,1027.0,260.0,0.0,0.0,5481.0,1496.0,3114.0,0.0,10324.0,25.31645569620253,0.0,0.0
2025-06-01,HRL,447.0,132.0,0.0,0.0,2871.0,834.0,799.0,0.0,6921.0,29.53020134228188,0.0,0.0
2025-06-01,HSV,1222.0,425.0,0.0,0.0,13219.0,3307.0,5831.0,0.0,16178.0,34.779050736497545,0.0,0.0
2025-06-01,HTS,185.0,64.0,0.0,0.0,781.0,424.0,563.0,0.0,3117.0,34.5945945945946,0.0,0.0
2025-06-01,HYA,49.0,9.0,0.0,0.0,127.0,0.0,177.0,0.0,70.0,18.367346938775512,0.0,0.0
2025-06-01,HYS,52.0,20.0,0.0,0.0,1005.0,0.0,214.0,0.0,979.0,38.46153846153847,0.0,0.0
2025-06-01,IAD,8569.0,2194.0,0.0,0.0,62491.0,13650.0,41400.0,56.0,105823.0,25.603921110981442,0.0,0.0
2025-06-01,IAG,38.0,12.0,0.0,0.0,1159.0,90.0,79.0,0.0,412.0,31.57894736842105,0.0,0.0
2025-06-01,IAH,14564.0,4348.0,0.0,0.0,106002.0,39658.0,144568.0,85.0,149846.0,29.854435594616863,0.0,0.0
2025-06-01,ICT,1170.0,398.0,0.0,0.0,11175.0,2187.0,4387.0,0.0,14934.0,34.01709401709402,0.0,0.0
2025-06-01,IDA,452.0,127.0,0.0,0.0,2661.0,635.0,1486.0,0.0,3779.0,28.097345132743364,0.0,0.0
2025-06-01,ILM,1064.0,295.0,0.0,0.0,8405.0,2926.0,4624.0,0.0,10409.0,27.725563909774436,0.0,0.0
2025-06-01,IMT,60.0,10.0,0.0,0.0,604.0,22.0,34.0,0.0,0.0,16.666666666666664,0.0,0.0
2025-06-01,IND,4545.0,1346.0,0.0,0.0,28410.0,5860.0,17715.0,116.0,49896.0,29.61496149614962,0.0,0.0
2025-06-01,INL,53.0,1.0,0.0,0.0,15.0,0.0,0.0,0.0,0.0,1.8867924528301887,0.0,0.0
2025-06-01,ISP,449.0,137.0,0.0,0.0,3424.0,697.0,802.0,8.0,6287.0,30.51224944320713,0.0,0.0
2025-06-01,ITH,120.0,41.0,0.0,0.0,2042.0,857.0,338.0,0.0,2380.0,34.166666666666664,0.0,0.0
2025-06-01,ITO,548.0,50.0,0.0,0.0,1084.0,0.0,7.0,34.0,851.0,9.124087591240876,0.0,0.0
2025-06-01,JAC,717.0,163.0,0.0,0.0,3177.0,1310.0,1769.0,0.0,5152.0,22.733612273361228,0.0,0.0
2025-06-01,JAN,810.0,276.0,0.0,0.0,6857.0,2552.0,2064.0,173.0,10202.0,34.074074074074076,0.0,0.0
2025-06-01,JAX,2698.0,935.0,0.0,0.0,21029.0,4959.0,14308.0,75.0,30148.0,34.655300222386956,0.0,0.0
2025-06-01,JFK,10702.0,3167.0,0.0,0.0,69750.0,11838.0,110078.0,46.0,90408.0,29.592599514109512,0.0,0.0
2025-06-01,JLN,60.0,23.0,0.0,0.0,2235.0,46.0,956.0,0.0,518.0,38.333333333333336,0.0,0.0
2025-06-01,JMS,55.0,9.0,0.0,0.0,286.0,0.0,14.0,0.0,231.0,16.363636363636363,0.0,0.0
2025-06-01,JNU,486.0,112.0,0.0,0.0,1442.0,0.0,963.0,81.0,2516.0,23.045267489711936,0.0,0.0
2025-06-01,JST,60.0,23.0,0.0,0.0,1014.0,69.0,215.0,0.0,1567.0,38.333333333333336,0.0,0.0
2025-06-01,KOA,1330.0,200.0,0.0,0.0,4509.0,90.0,1518.0,86.0,2921.0,15.037593984962406,0.0,0.0
2025-06-01,KTN,229.0,56.0,0.0,0.0,1386.0,107.0,564.0,0.0,989.0,24.45414847161572,0.0,0.0
2025-06-01,LAN,200.0,61.0,0.0,0.0,1929.0,466.0,561.0,0.0,1167.0,30.5,0.0,0.0
2025-06-01,LAR,52.0,10.0,0.0,0.0,1080.0,0.0,151.0,0.0,86.0,19.230769230769234,0.0,0.0
2025-06-01,LAS,15966.0,3862.0,0.0,0.0,73926.0,11227.0,46634.0,259.0,121972.0,24.188901415507953,0.0,0.0
2025-06-01,LAW,90.0,36.0,0.0,0.0,628.0,366.0,350.0,5.0,1815.0,40.0,0.0,0.0
2025-06-01,LAX,17148.0,3730.0,0.0,0.0,114238.0,19167.0,35764.0,1016.0,107497.0,21.751807790996033,0.0,0.0
2025-06-01,LBB,665.0,227.0,0.0,0.0,4959.0,1769.0,2149.0,58.0,7410.0,34.13533834586466,0.0,0.0
2025-06-01,LBE,63.0,23.0,0.0,0.0,583.0,129.0,458.0,30.0,244.0,36.507936507936506,0.0,0.0
2025-06-01,LBF,52.0,15.0,0.0,0.0,535.0,0.0,190.0,0.0,192.0,28.846153846153843,0.0,0.0
2025-06-01,LBL,52.0,13.0,0.0,0.0,335.0,27.0,33.0,0.0,451.0,25.0,0.0,0.0
2025-06-01,LCH,171.0,59.0,0.0,0.0,1723.0,888.0,368.0,0.0,1801.0,34.50292397660819,0.0,0.0
2025-06-01,LCK,162.0,55.0,0.0,0.0,588.0,499.0,930.0,0.0,1533.0,33.95061728395062,0.0,0.0
2025-06-01,LEX,1045.0,404.0,0.0,0.0,10122.0,5025.0,4269.0,0.0,13835.0,38.66028708133971,0.0,0.0
2025-06-01,LFT,462.0,149.0,0.0,0.0,4090.0,1793.0,1564.0,146.0,5781.0,32.25108225108225,0.0,0.0
2025-06-01,LGA,13936.0,4292.0,0.0,0.0,89416.0,30172.0,146408.0,138.0,128848.0,30.797933409873707,0.0,0.0
2025-06-01,LGB,1430.0,297.0,0.0,0.0,3640.0,531.0,904.0,11.0,8448.0,20.76923076923077,0.0,0.0
2025-06-01,LIH,1343.0,191.0,0.0,0.0,4546.0,6.0,683.0,0.0,3864.0,14.221891288160835,0.0,0.0
2025-06-01,LIT,1304.0,442.0,0.0,0.0,9959.0,3305.0,5503.0,40.0,14993.0,33.895705521472394,0.0,0.0
2025-06-01,LNK,270.0,94.0,0.0,0.0,5135.0,219.0,2263.0,0.0,3173.0,34.81481481481482,0.0,0.0
2025-06-01,LRD,265.0,79.0,0.0,0.0,2871.0,685.0,347.0,0.0,3930.0,29.81132075471698,0.0,0.0
2025-06-01,LSE,90.0,22.0,0.0,0.0,172.0,223.0,210.0,0.0,612.0,24.444444444444443,0.0,0.0
2025-06-01,LWS,60.0,5.0,0.0,0.0,157.0,20.0,0.0,0.0,0.0,8.333333333333332,0.0,0.0
2025-06-01,LYH,134.0,41.0,0.0,0.0,891.0,1091.0,282.0,0.0,4674.0,30.597014925373134,0.0,0.0
2025-06-01,MAF,971.0,358.0,0.0,0.0,8523.0,2146.0,5209.0,0.0,11396.0,36.8692070030896,0.0,0.0
2025-06-01,MBS,204.0,48.0,0.0,0.0,2243.0,196.0,541.0,0.0,521.0,23.52941176470588,0.0,0.0
2025-06-01,MCI,4652.0,1437.0,0.0,0.0,32336.0,5356.0,14862.0,147.0,47868.0,30.88993981083405,0.0,0.0
2025-06-01,MCO,13243.0,4026.0,0.0,0.0,88772.0,15809.0,85103.0,462.0,123234.0,30.400966548365172,0.0,0.0
2025-06-01,MCW,52.0,14.0,0.0,0.0,356.0,4.0,237.0,0.0,398.0,26.923076923076923,0.0,0.0
2025-06-01,MDT,1025.0,323.0,0.0,0.0,8785.0,2105.0,3019.0,0.0,11872.0,31.51219512195122,0.0,0.0
2025-06-01,MDW,7209.0,1715.0,0.0,0.0,30638.0,4473.0,14283.0,162.0,61384.0,23.78970731030656,0.0,0.0
2025-06-01,MEI,52.0,18.0,0.0,0.0,2057.0,835.0,160.0,0.0,400.0,34.61538461538461,0.0,0.0
2025-06-01,MEM,2379.0,771.0,0.0,0.0,16798.0,4387.0,8171.0,0.0,22605.0,32.40857503152585,0.0,0.0
2025-06-01,MFE,565.0,158.0,0.0,0.0,3851.0,1612.0,1354.0,0.0,6301.0,27.964601769911507,0.0,0.0
2025-06-01,MFR,669.0,124.0,0.0,0.0,1902.0,21.0,748.0,49.0,2780.0,18.53512705530643,0.0,0.0
2025-06-01,MGM,320.0,111.0,0.0,0.0,4940.0,2190.0,1304.0,0.0,1921.0,34.6875,0.0,0.0
2025-06-01,MGW,60.0,17.0,0.0,0.0,715.0,121.0,116.0,0.0,1274.0,28.333333333333332,0.0,0.0
2025-06-01,MHK,149.0,50.0,0.0,0.0,2939.0,1232.0,538.0,0.0,286.0,33.557046979865774,0.0,0.0
2025-06-01,MHT,742.0,227.0,0.0,0.0,4736.0,1204.0,1747.0,21.0,11042.0,30.59299191374663,0.0,0.0
2025-06-01,MIA,8835.0,2433.0,0.0,0.0,67116.0,15302.0,36760.0,332.0,84405.0,27.53820033955857,0.0,0.0
2025-06-01,MKE,2708.0,819.0,0.0,0.0,26577.0,4415.0,9130.0,6.0,22906.0,30.243722304283605,0.0,0.0
2025-06-01,MLB,236.0,65.0,0.0,0.0,1467.0,248.0,414.0,0.0,2194.0,27.54237288135593,0.0,0.0
2025-06-01,MLI,465.0,134.0,0.0,0.0,2338.0,581.0,1438.0,0.0,3590.0,28.817204301075268,0.0,0.0
2025-06-01,MLU,180.0,51.0,0.0,0.0,1407.0,822.0,375.0,0.0,1402.0,28.333333333333332,0.0,0.0
2025-06-01,MOB,518.0,184.0,0.0,0.0,7751.0,1664.0,1919.0,0.0,7166.0,35.521235521235525,0.0,0.0
2025-06-01,MOT,284.0,72.0,0.0,0.0,3140.0,1270.0,856.0,0.0,1709.0,25.352112676056336,0.0,0.0
2025-06-01,MQT,120.0,26.0,0.0,0.0,704.0,233.0,180.0,0.0,928.0,21.666666666666668,0.0,0.0
2025-06-01,MRY,425.0,108.0,0.0,0.0,3797.0,299.0,1269.0,0.0,3748.0,25.41176470588235,0.0,0.0
2025-06-01,MSN,1234.0,370.0,0.0,0.0,11604.0,2155.0,3900.0,0.0,11410.0,29.983792544570502,0.0,0.0
2025-06-01,MSO,659.0,157.0,0.0,0.0,3706.0,407.0,2719.0,0.0,4778.0,23.823975720789075,0.0,0.0
2025-06-01,MSP,11448.0,2330.0,0.0,0.0,80312.0,14914.0,22134.0,126.0,72140.0,20.3529000698812,0.0,0.0
2025-06-01,MSY,4086.0,1268.0,0.0,0.0,27334.0,5340.0,15196.0,239.0,41333.0,31.032794909446892,0.0,0.0
2025-06-01,MTJ,194.0,60.0,0.0,0.0,1532.0,12.0,307.0,0.0,3014.0,30.927835051546392,0.0,0.0
2025-06-01,MVY,180.0,29.0,0.0,0.0,598.0,41.0,327.0,0.0,387.0,16.11111111111111,0.0,0.0
2025-06-01,MYR,1806.0,555.0,0.0,0.0,11119.0,2933.0,10674.0,170.0,15851.0,30.730897009966778,0.0,0.0
2025-06-01,OAJ,284.0,93.0,0.0,0.0,1453.0,665.0,1050.0,0.0,3851.0,32.74647887323944,0.0,0.0
2025-06-01,OAK,3165.0,792.0,0.0,0.0,13201.0,310.0,3253.0,305.0,24489.0,25.023696682464454,0.0,0.0
2025-06-01,OGG,2126.0,285.0,0.0,0.0,7661.0,24.0,995.0,42.0,4139.0,13.405456255879585,0.0,0.0
2025-06-01,OKC,2280.0,759.0,0.0,0.0,20397.0,4735.0,9082.0,0.0,22481.0,33.28947368421053,0.0,0.0
2025-06-01,OMA,2369.0,759.0,0.0,0.0,19108.0,3113.0,7370.0,21.0,23992.0,32.038834951456316,0.0,0.0
2025-06-01,OME,60.0,8.0,0.0,0.0,61.0,0.0,10.0,0.0,243.0,13.333333333333334,0.0,0.0
2025-06-01,ONT,2399.0,715.0,0.0,0.0,15165.0,1483.0,4982.0,46.0,24915.0,29.80408503543143,0.0,0.0
2025-06-01,ORD,31716.0,8941.0,0.0,0.0,257573.0,50967.0,188086.0,431.0,275195.0,28.190818514314543,0.0,0.0
2025-06-01,ORF,2279.0,765.0,0.0,0.0,16182.0,4869.0,10673.0,0.0,24320.0,33.56735410267661,0.0,0.0
2025-06-01,ORH,116.0,16.0,0.0,0.0,455.0,10.0,66.0,0.0,325.0,13.793103448275861,0.0,0.0
2025-06-01,OTH,60.0,16.0,0.0,0.0,56.0,26.0,177.0,0.0,302.0,26.666666666666668,0.0,0.0
2025-06-01,OTZ,60.0,6.0,0.0,0.0,108.0,0.0,10.0,0.0,110.0,10.0,0.0,0.0
2025-06-01,PAE,304.0,40.0,0.0,0.0,706.0,0.0,232.0,0.0,1523.0,13.157894736842104,0.0,0.0
2025-06-01,PBG,37.0,5.0,0.0,0.0,10.0,67.0,54.0,0.0,23.0,13.513513513513514,0.0,0.0
2025-06-01,PBI,2042.0,686.0,0.0,0.0,17610.0,2893.0,12900.0,37.0,23366.0,33.59451518119491,0.0,0.0
2025-06-01,PDX,7010.0,1625.0,0.0,0.0,30566.0,5277.0,14268.0,301.0,47838.0,23.1811697574893,0.0,0.0
2025-06-01,PGD,589.0,170.0,0.0,0.0,3672.0,1611.0,2763.0,0.0,5869.0,28.862478777589136,0.0,0.0
2025-06-01,PGV,86.0,22.0,0.0,0.0,263.0,229.0,58.0,0.0,1232.0,25.581395348837212,0.0,0.0
2025-06-01,PHF,124.0,28.0,0.0,0.0,340.0,631.0,373.0,0.0,995.0,22.58064516129032,0.0,0.0
2025-06-01,PHL,11183.0,3354.0,0.0,0.0,88273.0,22307.0,54379.0,88.0,144645.0,29.991952070106407,0.0,0.0
2025-06-01,PHX,15625.0,3705.0,0.0,0.0,106467.0,10793.0,24302.0,562.0,130032.0,23.712,0.0,0.0
2025-06-01,PIA,512.0,166.0,0.0,0.0,3482.0,1777.0,1789.0,0.0,6021.0,32.421875,0.0,0.0
2025-06-01,PIB,52.0,19.0,0.0,0.0,259.0,632.0,332.0,0.0,212.0,36.53846153846153,0.0,0.0
2025-06-01,PIE,979.0,427.0,0.0,0.0,8911.0,2903.0,5334.0,85.0,19723.0,43.61593462717058,0.0,0.0
2025-06-01,PIH,60.0,4.0,0.0,0.0,863.0,0.0,71.0,0.0,0.0,6.666666666666667,0.0,0.0
2025-06-01,PIT,4098.0,1265.0,0.0,0.0,29035.0,7069.0,13973.0,184.0,45233.0,30.86871644704734,0.0,0.0
2025-06-01,PLN,115.0,23.0,0.0,0.0,648.0,408.0,163.0,0.0,337.0,20.0,0.0,0.0
2025-06-01,PNS,1545.0,470.0,0.0,0.0,10298.0,3316.0,6037.0,22.0,14676.0,30.42071197411003,0.0,0.0
2025-06-01,PPG,13.0,1.0,0.0,0.0,33.0,0.0,0.0,0.0,0.0,7.6923076923076925,0.0,0.0
2025-06-01,PQI,30.0,11.0,0.0,0.0,340.0,0.0,37.0,0.0,184.0,36.666666666666664,0.0,0.0
2025-06-01,PRC,60.0,22.0,0.0,0.0,520.0,146.0,75.0,0.0,2609.0,36.666666666666664,0.0,0.0
2025-06-01,PSC,635.0,134.0,0.0,0.0,3112.0,149.0,1082.0,98.0,2998.0,21.102362204724407,0.0,0.0
2025-06-01,PSE,73.0,16.0,0.0,0.0,250.0,64.0,267.0,0.0,136.0,21.91780821917808,0.0,0.0
2025-06-01,PSG,60.0,15.0,0.0,0.0,95.0,0.0,52.0,0.0,395.0,25.0,0.0,0.0
2025-06-01,PSM,36.0,9.0,0.0,0.0,47.0,318.0,163.0,0.0,33.0,25.0,0.0,0.0
2025-06-01,PSP,749.0,181.0,0.0,0.0,3537.0,158.0,1613.0,0.0,5380.0,24.16555407209613,0.0,0.0
2025-06-01,PUW,89.0,29.0,0.0,0.0,328.0,0.0,157.0,0.0,671.0,32.58426966292135,0.0,0.0
2025-06-01,PVD,1518.0,465.0,0.0,0.0,8835.0,2808.0,4195.0,18.0,17065.0,30.632411067193676,0.0,0.0
2025-06-01,PVU,292.0,99.0,0.0,0.0,2562.0,2422.0,1840.0,0.0,4179.0,33.9041095890411,0.0,0.0
2025-06-01,PWM,1337.0,399.0,0.0,0.0,8671.0,2555.0,4295.0,0.0,13561.0,29.84293193717277,0.0,0.0
2025-06-01,RAP,658.0,192.0,0.0,0.0,3962.0,486.0,2694.0,0.0,6009.0,29.17933130699088,0.0,0.0
2025-06-01,RDD,180.0,32.0,0.0,0.0,781.0,0.0,512.0,0.0,646.0,17.77777777777778,0.0,0.0
2025-06-01,RDM,767.0,162.0,0.0,0.0,2396.0,73.0,1111.0,206.0,4034.0,21.121251629726206,0.0,0.0
2025-06-01,RDU,5548.0,1661.0,0.0,0.0,34209.0,5427.0,21043.0,75.0,57961.0,29.938716654650328,0.0,0.0
2025-06-01,RFD,86.0,12.0,0.0,0.0,376.0,58.0,104.0,0.0,457.0,13.953488372093023,0.0,0.0
2025-06-01,RHI,93.0,12.0,0.0,0.0,563.0,0.0,62.0,0.0,179.0,12.903225806451612,0.0,0.0
2025-06-01,RIC,2281.0,751.0,0.0,0.0,19738.0,7093.0,10554.0,11.0,28203.0,32.924156071898295,0.0,0.0
2025-06-01,RIW,60.0,19.0,0.0,0.0,698.0,22.0,352.0,0.0,423.0,31.666666666666664,0.0,0.0
2025-06-01,RKS,60.0,22.0,0.0,0.0,969.0,422.0,238.0,0.0,484.0,36.666666666666664,0.0,0.0
2025-06-01,RNO,2026.0,502.0,0.0,0.0,10561.0,596.0,2627.0,22.0,14162.0,24.777887462981244,0.0,0.0
2025-06-01,ROA,676.0,263.0,0.0,0.0,4232.0,3192.0,4268.0,18.0,11656.0,38.90532544378698,0.0,0.0
2025-06-01,ROC,1401.0,405.0,0.0,0.0,10330.0,2541.0,5331.0,0.0,16492.0,28.90792291220557,0.0,0.0
2025-06-01,ROW,86.0,31.0,0.0,0.0,1464.0,731.0,157.0,0.0,352.0,36.04651162790697,0.0,0.0
2025-06-01,RST,178.0,65.0,0.0,0.0,3083.0,656.0,245.0,0.0,1702.0,36.51685393258427,0.0,0.0
2025-06-01,RSW,2268.0,604.0,0.0,0.0,14011.0,2560.0,8319.0,192.0,16165.0,26.63139329805996,0.0,0.0
2025-06-01,SAF,308.0,96.0,0.0,0.0,2902.0,625.0,2264.0,0.0,1513.0,31.16883116883117,0.0,0.0
2025-06-01,SAN,8637.0,2354.0,0.0,0.0,41876.0,5420.0,24993.0,253.0,62829.0,27.254833854347577,0.0,0.0
2025-06-01,SAT,3699.0,1100.0,0.0,0.0,22714.0,4405.0,8558.0,303.0,42438.0,29.737766964044337,0.0,0.0
2025-06-01,SAV,2092.0,679.0,0.0,0.0,14244.0,5578.0,9780.0,28.0,22845.0,32.45697896749522,0.0,0.0
2025-06-01,SBA,767.0,160.0,0.0,0.0,3976.0,376.0,1548.0,0.0,5458.0,20.860495436766623,0.0,0.0
2025-06-01,SBN,659.0,224.0,0.0,0.0,9916.0,2492.0,2149.0,0.0,4373.0,33.99089529590288,0.0,0.0
2025-06-01,SBP,450.0,121.0,0.0,0.0,2946.0,187.0,908.0,0.0,4199.0,26.88888888888889,0.0,0.0
2025-06-01,SBY,158.0,71.0,0.0,0.0,895.0,1047.0,607.0,0.0,4520.0,44.936708860759495,0.0,0.0
2025-06-01,SCC,46.0,5.0,0.0,0.0,2.0,246.0,19.0,0.0,54.0,10.869565217391305,0.0,0.0
2025-06-01,SCE,299.0,75.0,0.0,0.0,1822.0,751.0,673.0,0.0,5277.0,25.08361204013378,0.0,0.0
2025-06-01,SCK,59.0,16.0,0.0,0.0,255.0,76.0,496.0,0.0,445.0,27.11864406779661,0.0,0.0
2025-06-01,SDF,2436.0,740.0,0.0,0.0,19222.0,5763.0,9260.0,0.0,26360.0,30.377668308702795,0.0,0.0
2025-06-01,SEA,17374.0,4815.0,0.0,0.0,80827.0,11022.0,67590.0,1391.0,111924.0,27.713825256129848,0.0,0.0
2025-06-01,SFB,1042.0,446.0,0.0,0.0,8921.0,2959.0,5931.0,69.0,23175.0,42.80230326295585,0.0,0.0
2025-06-01,SFO,12883.0,3134.0,0.0,0.0,65597.0,10872.0,42474.0,674.0,80903.0,24.326631995653187,0.0,0.0
2025-06-01,SGF,1055.0,319.0,0.0,0.0,7057.0,2613.0,4808.0,27.0,8639.0,30.23696682464455,0.0,0.0
2025-06-01,SGU,370.0,75.0,0.0,0.0,2549.0,224.0,819.0,0.0,1419.0,20.27027027027027,0.0,0.0
2025-06-01,SHR,60.0,17.0,0.0,0.0,454.0,0.0,291.0,0.0,411.0,28.333333333333332,0.0,0.0
2025-06-01,SHV,644.0,227.0,0.0,0.0,8672.0,2597.0,3383.0,0.0,4498.0,35.24844720496895,0.0,0.0
2025-06-01,SIT,150.0,38.0,0.0,0.0,313.0,0.0,337.0,0.0,1167.0,25.333333333333336,0.0,0.0
2025-06-01,SJC,4210.0,953.0,0.0,0.0,16963.0,1600.0,4706.0,325.0,29905.0,22.636579572446553,0.0,0.0
2025-06-01,SJT,90.0,32.0,0.0,0.0,581.0,1510.0,132.0,0.0,524.0,35.55555555555556,0.0,0.0
2025-06-01,SJU,3189.0,850.0,0.0,0.0,27280.0,3268.0,10145.0,174.0,20803.0,26.654123549702103,0.0,0.0
2025-06-01,SLC,9995.0,1755.0,0.0,0.0,57899.0,7732.0,14187.0,192.0,48305.0,17.55877938969485,0.0,0.0
2025-06-01,SLN,90.0,39.0,0.0,0.0,1126.0,176.0,1620.0,0.0,1987.0,43.333333333333336,0.0,0.0
2025-06-01,SMF,5414.0,1285.0,0.0,0.0,24206.0,2193.0,7947.0,338.0,43824.0,23.734761728851126,0.0,0.0
2025-06-01,SMX,9.0,3.0,0.0,0.0,99.0,0.0,47.0,0.0,0.0,33.33333333333333,0.0,0.0
2025-06-01,SNA,4007.0,859.0,0.0,0.0,20144.0,2120.0,7813.0,54.0,17957.0,21.43748440229598,0.0,0.0
2025-06-01,SPI,59.0,18.0,0.0,0.0,913.0,308.0,118.0,0.0,222.0,30.508474576271187,0.0,0.0
2025-06-01,SPN,30.0,0.0,0.0,0.0,0.0,0.0,0.0,0.0,0.0,0.0,0.0,0.0
2025-06-01,SPS,60.0,25.0,0.0,0.0,1667.0,394.0,383.0,0.0,428.0,41.66666666666667,0.0,0.0
2025-06-01,SRQ,1234.0,305.0,0.0,0.0,7635.0,1751.0,4055.0,37.0,8845.0,24.71636952998379,0.0,0.0
2025-06-01,STC,9.0,5.0,0.0,0.0,73.0,0.0,41.0,0.0,79.0,55.55555555555556,0.0,0.0
2025-06-01,STL,6142.0,1625.0,0.0,0.0,36805.0,6197.0,13833.0,121.0,59425.0,26.457180071637904,0.0,0.0
2025-06-01,STS,462.0,130.0,0.0,0.0,2571.0,96.0,1735.0,0.0,3270.0,28.13852813852814,0.0,0.0
2025-06-01,STT,479.0,79.0,0.0,0.0,1290.0,230.0,827.0,0.0,1310.0,16.49269311064718,0.0,0.0
2025-06-01,STX,121.0,25.0,0.0,0.0,918.0,142.0,163.0,0.0,671.0,20.66115702479339,0.0,0.0
2025-06-01,SUN,217.0,32.0,0.0,0.0,283.0,471.0,548.0,0.0,893.0,14.746543778801843,0.0,0.0
2025-06-01,SUX,60.0,34.0,0.0,0.0,1101.0,0.0,632.0,0.0,1325.0,56.666666666666664,0.0,0.0
2025-06-01,SWF,57.0,13.0,0.0,0.0,235.0,263.0,77.0,0.0,228.0,22.807017543859647,0.0,0.0
2025-06-01,SWO,60.0,16.0,0.0,0.0,733.0,534.0,109.0,0.0,132.0,26.666666666666668,0.0,0.0
2025-06-01,SYR,1353.0,412.0,0.0,0.0,10038.0,4828.0,4436.0,0.0,16979.0,30.450849963045084,0.0,0.0
2025-06-01,TLH,523.0,176.0,0.0,0.0,4306.0,1725.0,1364.0,0.0,6385.0,33.652007648183556,0.0,0.0
2025-06-01,TOL,30.0,13.0,0.0,0.0,33.0,623.0,65.0,0.0,554.0,43.333333333333336,0.0,0.0
2025-06-01,TPA,6566.0,1991.0,0.0,0.0,43688.0,8815.0,28172.0,66.0,72663.0,30.322875418824246,0.0,0.0
2025-06-01,TRI,393.0,145.0,0.0,0.0,3410.0,1638.0,1521.0,0.0,3626.0,36.895674300254456,0.0,0.0
2025-06-01,TTN,96.0,36.0,0.0,0.0,1051.0,357.0,158.0,0.0,1510.0,37.5,0.0,0.0
2025-06-01,TUL,1892.0,608.0,0.0,0.0,15241.0,2521.0,6826.0,0.0,21085.0,32.1353065539112,0.0,0.0
2025-06-01,TUS,1538.0,378.0,0.0,0.0,12807.0,1011.0,2001.0,104.0,12328.0,24.57737321196359,0.0,0.0
2025-06-01,TVC,778.0,228.0,0.0,0.0,11301.0,2159.0,1591.0,0.0,5906.0,29.30591259640103,0.0,0.0
2025-06-01,TWF,60.0,1.0,0.0,0.0,37.0,0.0,0.0,0.0,0.0,1.6666666666666667,0.0,0.0
2025-06-01,TXK,60.0,20.0,0.0,0.0,247.0,54.0,154.0,0.0,458.0,33.33333333333333,0.0,0.0
2025-06-01,TYR,90.0,24.0,0.0,0.0,128.0,110.0,71.0,0.0,727.0,26.666666666666668,0.0,0.0
2025-06-01,TYS,2015.0,741.0,0.0,0.0,19166.0,9035.0,9670.0,97.0,34361.0,36.774193548387096,0.0,0.0
2025-06-01,USA,64.0,33.0,0.0,0.0,717.0,85.0,180.0,0.0,648.0,51.5625,0.0,0.0
2025-06-01,VCT,56.0,13.0,0.0,0.0,576.0,134.0,5.0,0.0,462.0,23.214285714285715,0.0,0.0
2025-06-01,VLD,86.0,32.0,0.0,0.0,1080.0,206.0,200.0,0.0,793.0,37.2093023255814,0.0,0.0
2025-06-01,VPS,1284.0,404.0,0.0,0.0,8522.0,1915.0,4828.0,127.0,14179.0,31.464174454828658,0.0,0.0
2025-06-01,WRG,60.0,15.0,0.0,0.0,53.0,0.0,30.0,0.0,441.0,25.0,0.0,0.0
2025-06-01,WYS,66.0,9.0,0.0,0.0,113.0,0.0,14.0,0.0,428.0,13.636363636363635,0.0,0.0
2025-06-01,XNA,1640.0,479.0,0.0,0.0,15147.0,9188.0,4647.0,8.0,17902.0,29.20731707317073,0.0,0.0
2025-06-01,XWA,210.0,56.0,0.0,0.0,3785.0,219.0,400.0,0.0,2535.0,26.666666666666668,0.0,0.0
2025-06-01,YAK,60.0,11.0,0.0,0.0,79.0,0.0,31.0,0.0,422.0,18.333333333333332,0.0,0.0
2025-06-01,YKM,60.0,20.0,0.0,0.0,190.0,0.0,105.0,0.0,319.0,33.33333333333333,0.0,0.0
2025-06-01,YUM,120.0,30.0,0.0,0.0,1795.0,96.0,157.0,0.0,308.0,25.0,0.0,0.0
